D9,F9,D10,F10,D11,F11,D12,F12,D13,F13,D14,F14,D15,F15
0,0,0,0,0,0,0,0,0,0,0,0,0,0
0,0,0,0,0,0,0,0,0,0,0,0,0,0
0,0,0,0,0,0,0,0,0,0,0,0,0,0
2,0,2,0,2,0,0,0,0,0,0,0,2,0
2,0,2,0,2,0,2,0,2,0,2,0,2,0
4,0,4,0,4,0,2,0,2,0,2,0,4,0
4,0,4,0,4,0,4,0,4,0,4,0,4,0
7,0,7,0,7,0,4,0,4,0,4,0,7,0
7,0,7,0,7,0,7,0,7,0,7,0,7,0
9,0,9,0,9,0,7,0,7,0,7,0,9,0
9,0,9,0,9,0,9,0,9,0,9,0,9,0
12,0,12,0,12,0,9,0,9,0,9,0,12,0
12,0,12,0,12,0,12,0,12,0,12,0,12,0
14,0,14,0,14,0,12,0,12,0,12,0,14,0
14,0,14,0,14,0,14,0,14,0,14,0,14,0
17,0,17,0,17,0,14,0,14,0,14,0,17,0
17,0,17,0,17,0,17,0,17,0,17,0,17,0
19,0,19,0,19,0,17,0,17,0,17,0,19,0
19,0,19,0,19,0,19,0,19,0,19,0,19,0
22,0,22,0,22,0,19,0,19,0,19,0,22,0
22,0,22,0,22,0,22,0,22,0,22,0,22,0
24,0,25,0,25,0,22,0,22,0,22,0,25,0
24,0,25,0,25,0,24,0,24,0,24,0,25,0
27,0,27,0,27,0,24,0,24,0,24,0,27,0
27,0,27,0,27,0,27,0,27,0,27,0,27,0
29,0,30,0,30,0,27,1,27,1,27,0,30,0
29,0,30,0,30,0,29,1,29,1,29,0,30,0
32,0,32,0,32,0,29,1,29,1,29,0,32,0
32,0,32,0,32,0,32,1,32,1,32,0,32,0
34,0,35,0,35,0,32,1,32,1,32,0,35,0
34,0,35,0,35,0,34,1,34,1,35,0,35,0
37,0,37,0,37,0,34,1,34,1,35,0,37,0
37,0,37,0,37,0,37,1,37,1,37,0,37,0
39,0,40,0,40,0,37,1,37,1,37,0,40,0
39,0,40,0,40,0,39,1,39,1,40,0,40,0
42,0,42,0,42,0,39,1,39,1,40,0,42,0
42,0,42,0,42,0,42,1,42,1,42,0,42,0
44,0,45,0,45,0,42,1,42,1,42,0,45,0
44,0,45,0,45,0,44,1,44,1,45,0,45,0
47,0,47,0,47,0,44,1,44,1,45,0,47,0
47,0,47,0,47,0,47,1,47,1,47,0,47,0
50,0,50,0,50,0,47,1,47,1,47,0,50,0
50,0,50,0,50,0,50,1,50,1,50,0,50,0
52,0,52,0,52,0,50,1,50,1,50,0,52,0
52,0,52,0,52,0,52,1,52,1,52,0,52,0
55,0,55,0,55,0,52,1,52,1,52,0,55,0
55,0,55,0,55,0,55,1,55,1,55,0,55,0
57,0,57,0,57,0,55,1,55,1,55,0,57,0
57,0,57,0,57,0,57,1,57,1,57,0,57,0
60,0,60,0,60,0,57,1,57,1,57,0,60,0
60,0,60,0,60,0,60,1,60,1,60,0,60,0
62,0,62,0,62,0,60,1,60,1,60,0,62,0
62,1,62,0,62,0,62,1,62,1,62,0,62,0
65,1,65,0,65,0,62,1,62,1,62,0,65,0
65,1,65,0,65,0,65,1,65,1,65,0,65,0
67,1,68,0,68,0,65,1,65,1,65,1,67,0
67,1,68,0,68,0,67,1,67,1,67,1,67,0
70,1,70,0,70,0,67,1,67,1,67,1,70,0
70,1,70,0,70,0,70,1,70,1,70,1,70,0
72,1,73,0,73,0,70,1,70,1,70,1,72,0
72,1,73,0,73,0,72,1,72,1,72,1,72,0
75,1,75,0,75,0,72,1,72,1,72,1,75,0
75,1,75,0,75,0,75,1,75,1,75,1,75,0
77,1,78,0,78,0,75,1,75,1,75,1,78,0
77,1,78,0,78,0,77,1,77,1,77,1,78,0
80,1,80,0,80,0,77,1,77,1,77,1,80,0
80,1,80,0,80,0,80,1,80,1,80,1,80,0
82,1,83,0,83,0,80,1,80,1,80,1,83,0
82,1,83,0,83,0,82,1,82,1,83,1,83,0
85,1,85,0,85,0,82,1,82,1,83,1,85,0
85,1,85,0,85,0,85,1,85,1,85,1,85,0
88,1,88,0,88,0,85,1,85,1,85,1,88,0
88,1,88,0,88,0,88,1,88,1,88,1,88,0
90,1,90,0,90,0,88,1,88,1,88,1,90,0
90,1,90,0,90,0,90,1,90,1,90,1,90,0
93,1,93,0,93,0,90,1,90,1,90,1,93,0
93,1,93,0,93,0,93,1,93,1,93,1,93,0
95,1,95,0,95,0,93,1,93,1,93,1,95,0
95,1,95,0,95,0,95,1,95,1,95,1,95,0
98,1,98,0,98,0,95,1,95,1,95,1,98,0
98,1,98,0,98,0,98,1,98,1,98,1,98,0
100,1,100,0,100,0,98,1,98,1,98,1,100,0
100,1,100,0,100,0,100,1,100,1,100,1,100,0
103,1,103,0,103,0,100,1,100,1,100,1,103,0
103,1,103,0,103,0,103,1,103,1,103,1,103,0
105,1,105,0,105,0,103,1,103,1,103,1,105,0
105,1,105,0,105,0,105,1,105,1,105,1,105,0
108,1,108,0,108,0,105,1,105,1,105,1,108,0
108,1,108,0,108,0,108,1,108,1,108,1,108,0
110,1,111,0,111,0,108,1,108,1,108,1,111,0
110,1,111,0,111,0,110,1,110,1,110,1,111,0
113,1,113,0,113,0,110,2,110,2,110,1,113,0
113,1,113,0,113,0,113,2,113,2,113,1,113,0
115,1,116,0,116,0,113,2,113,2,113,1,116,0
115,1,116,0,116,0,115,2,115,2,115,1,116,0
118,1,118,0,118,0,115,2,115,2,115,1,118,0
118,1,118,0,118,0,118,2,118,2,118,1,118,0
120,1,121,0,121,0,118,2,118,2,118,1,121,0
120,1,121,0,121,0,120,2,120,2,120,1,121,0
123,1,123,0,123,0,120,2,120,2,120,2,123,0
123,1,123,0,123,0,123,2,123,2,123,2,123,0
125,1,126,0,126,0,123,2,123,2,123,2,126,0
125,2,126,0,126,0,125,2,125,2,125,2,126,0
128,2,128,0,128,0,125,2,125,2,125,2,128,0
128,2,128,0,128,0,128,2,128,2,128,2,128,0
130,2,131,0,131,0,128,2,128,2,128,2,131,0
130,2,131,0,131,0,130,2,130,2,131,2,131,0
133,2,133,0,133,0,130,2,130,2,131,2,133,0
133,2,133,0,133,0,133,2,133,2,133,2,133,0
136,2,136,0,136,0,133,2,133,2,133,2,136,0
136,2,136,0,136,0,136,2,136,2,136,2,136,0
138,2,138,0,138,0,136,2,136,2,136,2,138,0
138,2,138,0,138,0,138,2,138,2,138,2,138,0
141,2,141,0,141,0,138,2,138,2,138,2,141,0
141,2,141,0,141,0,141,2,141,2,141,2,141,0
143,2,143,0,143,0,141,2,141,2,141,2,143,0
143,2,143,0,143,0,143,2,143,2,143,2,143,0
146,2,146,0,146,0,143,2,143,2,143,2,146,0
146,2,146,0,146,0,146,2,146,2,146,2,146,0
148,2,148,0,148,0,146,2,146,2,146,2,148,0
148,2,148,0,148,0,148,2,148,2,148,2,148,0
151,2,151,0,151,0,148,2,148,2,148,2,151,0
151,2,151,0,151,0,151,2,151,2,151,2,151,0
153,2,153,0,153,0,151,2,151,2,151,2,153,0
153,2,153,0,153,0,153,2,153,2,153,2,153,0
156,2,156,0,156,0,153,2,153,2,153,2,156,0
156,2,156,0,156,0,156,2,156,2,156,2,156,0
158,2,158,0,158,0,156,2,156,2,156,2,158,0
158,2,158,0,158,0,158,2,158,2,158,2,158,0
161,2,161,0,161,0,158,2,158,2,158,2,161,0
161,2,161,0,161,0,161,2,161,2,161,2,161,0
163,2,164,0,164,0,161,2,161,2,161,2,163,0
163,2,164,0,164,0,163,2,163,2,163,2,163,0
166,2,166,0,166,0,163,2,163,2,163,2,166,0
166,2,166,0,166,0,166,2,166,2,166,2,166,0
168,2,169,0,169,0,166,2,166,2,166,3,169,0
168,2,169,0,169,0,168,2,168,2,169,3,169,0
171,2,171,0,171,0,168,2,168,2,169,3,171,0
171,2,171,0,171,0,171,2,171,2,171,3,171,0
173,2,174,0,174,0,171,2,171,2,171,3,174,0
173,2,174,0,174,0,173,2,173,2,174,3,174,0
176,2,176,0,176,0,173,2,173,2,174,3,176,0
176,2,176,0,176,0,176,2,176,2,176,3,176,0
179,2,179,0,179,0,176,2,176,2,176,3,179,0
179,2,179,0,179,0,178,2,178,2,179,3,179,0
181,2,181,0,181,0,178,2,178,2,179,3,181,0
181,2,181,0,181,0,181,2,181,2,181,3,181,0
184,2,184,0,184,0,181,2,181,2,181,3,184,0
184,2,184,0,184,0,184,2,184,2,184,3,184,0
186,2,186,0,186,0,184,2,184,2,184,3,186,0
186,3,186,0,186,0,186,2,186,2,186,3,186,0
189,3,189,0,189,0,186,2,186,2,186,3,189,0
189,3,189,0,189,0,189,2,189,2,189,3,189,0
191,3,191,0,191,0,189,2,189,2,189,3,191,0
191,3,191,0,191,0,191,2,191,2,191,3,191,0
194,3,194,0,194,0,191,2,191,2,191,3,194,0
194,3,194,0,194,0,194,2,194,2,194,3,194,0
196,3,196,0,196,0,194,2,194,2,194,3,196,0
196,3,196,0,196,0,196,2,196,2,196,3,196,0
199,3,199,0,199,0,196,2,196,2,196,3,199,0
199,3,199,1,199,1,199,2,199,2,199,3,199,0
201,3,202,1,202,1,199,3,199,3,199,3,202,0
201,3,202,1,202,1,201,3,201,3,201,3,202,0
204,3,204,1,204,1,201,3,201,3,201,3,204,0
204,3,204,1,204,1,204,3,204,3,204,3,204,0
206,3,207,1,207,1,204,3,204,3,204,3,207,0
206,3,207,1,207,1,206,3,206,3,206,3,207,0
209,3,209,1,209,1,206,3,206,3,206,4,209,0
209,3,209,1,209,1,209,3,209,3,209,4,209,0
211,3,212,1,212,1,209,3,209,3,209,4,212,0
211,3,212,1,212,1,211,3,211,3,211,4,212,0
214,3,214,1,214,1,211,3,211,3,211,3,214,0
214,3,214,1,214,1,214,3,214,3,214,3,214,1
216,3,217,1,217,1,214,3,214,3,214,3,217,1
216,3,217,1,217,1,216,3,216,3,216,3,217,1
219,3,219,1,219,1,216,3,216,3,216,3,219,1
219,3,219,1,219,1,219,3,219,3,219,3,219,1
222,3,222,1,222,1,219,3,219,3,219,3,222,1
222,3,222,1,222,1,222,3,222,3,222,3,222,1
224,3,224,1,224,1,222,3,222,3,222,3,224,1
224,3,224,1,224,1,224,3,224,3,224,3,224,1
227,3,227,1,227,1,224,3,224,3,224,3,227,1
227,3,227,1,227,1,227,3,227,3,227,3,227,1
229,3,229,1,229,1,227,3,227,3,227,3,229,1
229,3,229,1,229,1,229,3,229,3,229,3,229,1
232,3,232,1,232,1,229,3,229,3,229,3,232,1
232,3,232,1,232,1,232,3,232,3,232,3,232,1
234,3,234,1,234,1,232,3,232,3,232,3,234,1
234,3,234,1,234,1,234,3,234,3,234,3,234,1
237,3,237,1,237,1,234,3,234,3,234,3,237,1
237,3,237,1,237,1,237,3,237,3,237,3,237,1
239,3,239,1,239,1,237,3,237,3,237,3,239,1
239,3,239,1,239,1,239,3,239,3,239,3,239,1
242,3,242,1,242,1,239,3,239,3,239,3,242,1
242,3,242,1,242,1,242,3,242,3,242,3,242,1
244,3,244,1,244,1,242,3,242,3,242,3,244,1
244,3,244,1,244,1,244,3,244,3,244,3,244,1
247,3,247,1,247,1,244,3,244,3,244,3,247,1
247,3,247,1,247,1,247,3,247,3,247,3,247,1
249,3,249,1,249,1,247,3,247,3,247,3,249,1
249,4,249,1,249,1,249,3,249,3,249,3,249,1
252,4,252,1,252,1,249,3,249,3,249,4,252,1
252,4,252,1,252,1,252,3,252,3,252,4,252,1
254,4,255,1,255,1,252,3,252,3,252,4,255,1
254,4,255,1,255,1,254,3,254,3,255,4,255,1
257,4,257,1,257,1,254,3,254,3,255,4,257,1
257,4,257,1,257,1,257,3,257,3,257,4,257,1
259,4,260,1,260,1,257,3,257,3,257,4,260,1
259,4,260,1,260,1,259,3,259,3,260,4,260,1
262,4,262,1,262,1,259,3,259,3,260,4,262,1
262,4,262,1,262,1,262,3,262,3,262,4,262,1
264,4,265,1,265,1,262,3,262,3,262,4,265,1
264,4,265,1,265,1,264,3,264,3,265,4,265,1
267,4,267,1,267,1,264,3,264,3,265,4,267,1
267,4,267,1,267,1,267,3,267,3,267,4,267,1
269,4,270,1,270,1,267,3,267,3,267,4,270,1
269,4,270,1,270,1,269,3,269,3,270,4,270,1
272,4,272,1,272,1,269,3,269,3,270,4,272,1
272,4,272,1,272,1,272,3,272,3,272,4,272,1
275,4,275,1,275,1,272,3,272,3,272,4,275,1
275,4,275,1,275,1,274,3,274,3,275,4,275,1
277,4,277,1,277,1,274,3,274,3,275,4,277,1
277,4,277,1,277,1,277,3,277,3,277,4,277,1
280,4,280,1,280,1,277,4,277,4,277,4,280,1
280,4,280,1,280,1,280,4,280,4,280,4,280,1
282,4,282,1,282,1,280,4,280,4,280,4,282,1
282,4,282,1,282,1,282,4,282,4,282,4,282,1
285,4,285,1,285,1,282,4,282,4,282,4,285,1
285,4,285,1,285,1,285,4,285,4,285,4,285,1
287,4,288,1,288,1,285,4,285,4,285,4,287,1
287,4,288,1,288,1,287,4,287,4,287,4,287,1
290,4,290,1,290,1,287,4,287,4,287,4,290,1
290,4,290,1,290,1,290,4,290,4,290,4,290,1
292,4,293,1,293,1,290,4,290,4,290,4,292,1
292,4,293,1,293,1,292,4,292,4,292,4,292,1
295,4,295,1,295,1,292,4,292,4,292,4,295,1
295,4,295,1,295,1,295,4,295,4,295,4,295,1
297,4,298,1,298,1,295,4,295,4,295,4,298,1
297,4,298,1,298,1,297,4,297,4,297,4,298,1
300,4,300,1,300,1,297,4,297,4,297,4,300,1
300,4,300,1,300,1,300,4,300,4,300,4,300,1
302,4,303,1,303,1,300,4,300,4,300,4,303,1
302,4,303,1,303,1,302,4,302,4,302,4,303,1
305,4,305,1,305,1,302,4,302,4,302,4,305,1
305,4,305,1,305,1,305,4,305,4,305,4,305,1
308,4,308,1,308,1,305,4,305,4,305,3,308,1
308,4,308,1,308,1,308,4,308,4,308,3,308,1
310,4,310,1,310,1,308,4,308,4,308,3,310,1
310,4,310,1,310,1,310,4,310,4,310,3,310,1
313,4,313,1,313,1,310,4,310,4,310,3,313,1
313,4,313,1,313,1,313,4,313,4,313,3,313,1
315,4,315,1,315,1,313,4,313,4,313,3,315,1
315,5,315,1,315,1,315,4,315,4,315,3,315,1
318,5,318,1,318,1,315,4,315,4,315,2,318,1
318,5,318,1,318,1,318,4,318,4,318,2,318,1
320,5,320,1,320,1,318,4,318,4,318,2,320,1
320,5,320,1,320,1,320,4,320,4,320,2,320,1
323,5,323,1,323,1,320,4,320,4,320,2,323,1
323,5,323,1,323,1,323,4,323,4,323,2,323,1
325,5,325,1,325,1,323,4,323,4,323,2,325,1
325,5,325,2,325,2,325,4,325,4,325,2,325,1
328,5,328,2,328,2,325,4,325,4,325,2,328,1
328,5,328,2,328,2,328,4,328,4,328,2,328,1
330,5,330,2,330,2,328,4,328,4,328,2,330,1
330,5,330,2,330,2,330,4,330,4,330,2,330,2
333,5,333,2,333,2,330,4,330,4,330,2,333,2
333,5,333,2,333,2,333,4,333,4,333,2,333,2
335,5,335,2,335,2,333,4,333,4,333,2,335,2
335,5,335,2,335,2,335,4,335,4,335,2,335,2
338,5,338,2,338,2,335,4,335,4,335,2,338,2
338,5,338,2,338,2,338,4,338,4,338,2,338,2
340,5,341,2,341,2,338,4,338,4,338,2,341,2
340,5,341,2,341,2,340,4,340,4,340,2,341,2
343,5,343,2,343,2,340,4,340,4,340,2,343,2
343,5,343,2,343,2,343,4,343,4,343,2,343,2
345,5,346,2,346,2,343,4,343,4,343,3,346,2
345,5,346,2,346,2,345,4,345,4,345,3,346,2
348,5,348,2,348,2,345,4,345,4,345,3,348,2
348,5,348,2,348,2,348,4,348,4,348,3,348,2
350,5,351,2,351,2,348,4,348,4,348,3,351,2
350,5,351,2,351,2,350,4,350,4,351,3,351,2
353,5,353,2,353,2,350,4,350,4,351,3,353,2
353,5,353,2,353,2,353,4,353,4,353,3,353,2
355,5,356,2,356,2,353,4,353,4,353,3,356,2
355,5,356,2,356,2,355,4,355,4,356,3,356,2
358,5,358,2,358,2,355,4,355,4,356,3,358,2
358,5,358,2,358,2,358,4,358,4,358,3,358,2
360,5,361,2,361,2,358,4,358,4,358,3,361,2
360,5,361,2,361,2,360,4,360,4,361,3,361,2
363,5,363,2,363,2,360,4,360,4,361,3,363,2
363,5,363,2,363,2,363,4,363,4,363,3,363,2
366,5,366,2,366,2,363,5,363,5,363,3,366,2
366,5,366,2,366,2,366,5,366,5,366,3,366,2
368,5,368,2,368,2,366,5,366,5,366,3,368,2
368,5,368,2,368,2,368,5,368,5,368,3,368,2
371,5,371,2,371,2,368,5,368,5,368,3,371,2
371,5,371,2,371,2,371,5,371,5,371,3,371,2
373,5,373,2,373,2,371,5,371,5,371,3,373,2
373,5,373,2,373,2,373,5,373,5,373,3,373,2
376,5,376,2,376,2,373,5,373,5,373,3,376,2
376,6,376,2,376,2,376,5,376,5,376,3,376,2
378,6,378,2,378,2,376,5,376,5,376,3,378,2
378,6,378,2,378,2,378,5,378,5,378,3,378,2
381,6,381,2,381,2,378,5,378,5,378,3,381,2
381,6,381,2,381,2,381,5,381,5,381,3,381,2
383,6,384,2,384,2,381,5,381,5,381,3,383,2
383,6,384,2,384,2,383,5,383,5,383,3,383,2
386,6,386,2,386,2,383,5,383,5,383,3,386,2
386,6,386,2,386,2,386,5,386,5,386,3,386,2
388,6,389,2,389,2,386,5,386,5,386,3,389,2
388,6,389,2,389,2,388,5,388,5,388,3,389,2
391,6,391,2,391,2,388,5,388,5,388,3,391,2
391,6,391,2,391,2,391,5,391,5,391,3,391,2
393,6,394,2,394,2,391,5,391,5,391,3,394,2
393,6,394,2,394,2,393,5,393,5,393,3,394,2
396,6,396,2,396,2,393,5,393,5,393,3,396,2
396,6,396,2,396,2,396,5,396,5,396,3,396,2
399,6,399,2,399,2,396,5,396,5,396,3,399,2
399,6,399,2,399,2,398,5,398,5,399,3,399,2
401,6,401,2,401,2,398,5,398,5,399,3,401,2
401,6,401,2,401,2,401,5,401,5,401,3,401,2
404,6,404,2,404,2,401,5,401,5,401,3,404,2
404,6,404,2,404,2,404,5,404,5,404,3,404,2
406,6,406,2,406,2,404,5,404,5,404,4,406,2
406,6,406,2,406,2,406,5,406,5,406,4,406,2
409,6,409,2,409,2,406,5,406,5,406,4,409,2
409,6,409,2,409,2,409,5,409,5,409,4,409,2
411,6,411,2,411,2,409,5,409,5,409,4,411,2
411,6,411,2,411,2,411,5,411,5,411,4,411,2
414,6,414,2,414,2,411,5,411,5,411,4,414,2
414,6,414,2,414,2,414,5,414,5,414,4,414,2
416,6,416,2,416,2,414,5,414,5,414,4,416,2
416,6,416,2,416,2,416,5,416,5,416,4,416,2
419,6,419,2,419,2,416,5,416,5,416,4,419,2
419,6,419,2,419,2,419,5,419,5,419,4,419,2
421,6,421,2,421,2,419,5,419,5,419,4,421,2
421,6,421,2,421,2,421,5,421,5,421,4,421,2
424,6,424,2,424,2,421,5,421,5,421,4,424,2
424,6,424,2,424,2,424,5,424,5,424,4,424,2
426,6,426,2,426,2,424,5,424,5,424,4,426,2
426,6,426,2,426,2,426,5,426,5,426,4,426,3
429,6,429,2,429,2,426,5,426,5,426,4,429,3
429,6,429,3,429,3,429,5,429,5,429,4,429,3
431,6,432,3,432,3,429,5,429,5,429,4,432,3
431,6,432,3,432,3,431,5,431,5,431,4,432,3
434,6,434,3,434,3,431,5,431,5,431,4,434,3
434,6,434,3,434,3,434,5,434,5,434,4,434,3
436,6,437,3,437,3,434,5,434,5,434,4,437,3
436,6,437,3,437,3,436,5,436,5,436,4,437,3
439,6,439,3,439,3,436,6,436,6,436,4,439,3
439,7,439,3,439,3,439,6,439,6,439,4,439,3
441,7,442,3,442,3,439,6,439,6,439,4,442,3
441,7,442,3,442,3,441,6,441,6,442,4,442,3
444,7,444,3,444,3,441,6,441,6,442,4,444,3
444,7,444,3,444,3,444,6,444,6,444,4,444,3
446,7,447,3,447,3,444,6,444,6,444,4,447,3
446,7,447,3,447,3,446,6,446,6,447,4,447,3
449,7,449,3,449,3,446,6,446,6,447,4,449,3
449,7,449,3,449,3,449,6,449,6,449,4,449,3
452,7,452,3,452,3,449,6,449,6,449,4,452,3
452,7,452,3,452,3,452,6,452,6,452,4,452,3
454,7,454,3,454,3,452,6,452,6,452,5,454,3
454,7,454,3,454,3,454,6,454,6,454,5,454,3
457,7,457,3,457,3,454,6,454,6,454,5,457,3
457,7,457,3,457,3,457,6,457,6,457,5,457,3
459,7,459,3,459,3,457,6,457,6,457,5,459,3
459,7,459,3,459,3,459,6,459,6,459,5,459,3
462,7,462,3,462,3,459,6,459,6,459,5,462,3
462,7,462,3,462,3,462,6,462,6,462,5,462,3
464,7,464,3,464,3,462,6,462,6,462,5,464,3
464,7,464,3,464,3,464,6,464,6,464,5,464,3
467,7,467,3,467,3,464,6,464,6,464,5,467,3
467,7,467,3,467,3,467,6,467,6,467,5,467,3
469,7,469,3,469,3,467,6,467,6,467,5,469,3
469,7,469,3,469,3,469,6,469,6,469,5,469,3
472,7,472,3,472,3,469,6,469,6,469,5,472,3
472,7,472,3,472,3,472,6,472,6,472,5,472,3
474,7,475,3,475,3,472,6,472,6,472,5,474,3
474,7,475,3,475,3,474,6,474,6,474,5,474,3
477,7,477,3,477,3,474,6,474,6,474,5,477,3
477,7,477,3,477,3,477,6,477,6,477,5,477,3
479,7,480,3,480,3,477,6,477,6,477,5,479,3
479,7,480,3,480,3,479,6,479,6,479,5,479,3
482,7,482,3,482,3,479,6,479,6,479,5,482,3
482,7,482,3,482,3,482,6,482,6,482,5,482,3
484,7,485,3,485,3,482,6,482,6,482,5,485,3
484,7,485,3,485,3,484,6,484,6,485,5,485,3
487,7,487,3,487,3,484,6,484,6,485,5,487,3
487,7,487,3,487,3,487,6,487,6,487,5,487,3
489,7,490,3,490,3,487,6,487,6,487,5,490,3
489,7,490,3,490,3,489,6,489,6,490,5,490,3
492,7,492,3,492,3,489,6,489,6,490,5,492,3
492,7,492,3,492,3,492,6,492,6,492,5,492,3
495,7,495,3,495,3,492,6,492,6,492,5,495,3
495,7,495,3,495,3,495,6,495,6,495,5,495,3
497,7,497,3,497,3,495,6,495,6,495,6,497,3
497,7,497,3,497,3,497,6,497,6,497,6,497,3
500,7,500,3,500,3,497,6,497,6,497,6,500,3
500,7,500,3,500,3,500,6,500,6,500,6,500,3
502,7,502,3,502,3,500,6,500,6,500,6,502,3
502,7,502,3,502,3,502,6,502,6,502,6,502,3
505,7,505,3,505,3,502,6,502,6,502,6,505,3
505,7,505,3,505,3,505,6,505,6,505,6,505,3
507,7,507,3,507,3,505,6,505,6,505,6,507,3
507,7,507,3,507,3,507,6,507,6,507,6,507,3
510,7,510,3,510,3,507,7,507,7,507,6,510,3
510,7,510,3,510,3,510,7,510,7,510,6,510,3
512,7,512,3,512,3,510,7,510,7,510,6,512,3
512,7,512,3,512,3,512,7,512,7,512,6,512,3
515,7,515,3,515,3,512,7,512,7,512,6,515,3
515,7,515,3,515,3,515,7,515,7,515,6,515,4
517,7,518,3,518,3,515,7,515,7,515,6,518,4
517,7,518,3,518,3,517,7,517,7,517,6,518,4
520,7,520,3,520,3,517,7,517,7,517,6,520,4
520,7,520,4,520,4,520,7,520,7,520,6,520,4
522,7,523,4,523,4,520,7,520,7,520,6,523,4
522,7,523,4,523,4,522,7,522,7,522,6,523,4
525,7,525,4,525,4,522,7,522,7,522,6,525,4
525,7,525,4,525,4,525,7,525,7,525,6,525,4
527,7,528,4,528,4,525,7,525,7,525,6,528,4
527,7,528,4,528,4,527,7,527,7,527,6,528,4
530,7,530,4,530,4,527,7,527,7,527,6,530,4
530,7,530,4,530,4,530,7,530,7,530,6,530,4
532,7,533,4,533,4,530,7,530,7,530,6,533,4
532,7,533,4,533,4,532,7,532,7,532,6,533,4
535,7,535,4,535,4,532,7,532,7,532,6,535,4
535,8,535,4,535,4,535,7,535,7,535,6,535,4
538,8,538,4,538,4,535,7,535,7,535,7,538,4
538,8,538,4,538,4,538,7,538,7,538,7,538,4
540,8,540,4,540,4,538,7,538,7,538,7,540,4
540,8,540,4,540,4,540,7,540,7,540,7,540,4
543,8,543,4,543,4,540,7,540,7,540,7,543,4
543,8,543,4,543,4,543,7,543,7,543,7,543,4
545,8,545,4,545,4,543,7,543,7,543,7,545,4
545,8,545,4,545,4,545,7,545,7,545,7,545,4
548,8,548,4,548,4,545,7,545,7,545,7,548,4
548,8,548,4,548,4,548,7,548,7,548,7,548,4
550,8,550,4,550,4,548,7,548,7,548,7,550,4
550,8,550,4,550,4,550,7,550,7,550,7,550,4
553,8,553,4,553,4,550,7,550,7,550,7,553,4
553,8,553,4,553,4,553,7,553,7,553,7,553,4
555,8,555,4,555,4,553,7,553,7,553,7,555,4
555,8,555,4,555,4,555,7,555,7,555,7,555,4
558,8,558,4,558,4,555,7,555,7,555,7,558,4
558,8,558,4,558,4,558,7,558,7,558,7,558,4
560,8,560,4,560,4,558,7,558,7,558,7,560,4
560,8,560,4,560,4,560,7,560,7,560,7,560,4
563,8,563,4,563,4,560,7,560,7,560,7,563,4
563,8,563,4,563,4,563,7,563,7,563,7,563,4
565,8,565,4,565,4,563,7,563,7,563,7,565,4
565,8,565,4,565,4,565,7,565,7,565,7,565,4
568,8,568,4,568,4,565,7,565,7,565,7,568,4
568,8,568,4,568,4,568,7,568,7,568,7,568,4
570,8,571,4,571,4,568,7,568,7,568,7,571,4
570,8,571,4,571,4,570,7,570,7,571,7,571,4
573,8,573,4,573,4,570,7,570,7,571,7,573,4
573,8,573,4,573,4,573,7,573,7,573,7,573,4
575,8,576,4,576,4,573,7,573,7,573,7,576,4
575,8,576,4,576,4,575,7,575,7,576,7,576,4
578,8,578,4,578,4,575,7,575,7,576,8,578,4
578,8,578,4,578,4,578,7,578,7,578,8,578,4
580,8,581,4,581,4,578,8,578,8,578,8,581,4
580,8,581,4,581,4,580,8,580,8,581,8,581,4
583,8,583,4,583,4,580,8,580,8,581,8,583,4
583,8,583,4,583,4,583,8,583,8,583,8,583,4
586,8,586,4,586,4,583,8,583,8,583,8,586,4
586,9,586,4,586,4,585,8,585,8,586,8,586,4
588,9,588,4,588,4,585,8,585,8,586,8,588,4
588,9,588,4,588,4,588,8,588,8,588,8,588,4
591,9,591,4,591,4,588,8,588,8,588,8,591,4
591,9,591,4,591,4,591,8,591,8,591,8,591,4
593,9,593,4,593,4,591,8,591,8,591,8,593,4
593,9,593,4,593,4,593,8,593,8,593,8,593,4
596,9,596,4,596,4,593,8,593,8,593,8,596,4
596,9,596,4,596,4,596,8,596,8,596,8,596,4
598,9,598,4,598,4,596,8,596,8,596,8,598,4
598,9,598,4,598,4,598,8,598,8,598,8,598,5
601,9,601,4,601,4,598,8,598,8,598,8,601,5
601,9,601,4,601,4,601,8,601,8,601,8,601,5
603,9,604,4,604,4,601,8,601,8,601,8,603,5
603,9,604,4,604,4,603,8,603,8,603,8,603,5
606,9,606,4,606,4,603,8,603,8,603,8,606,5
606,9,606,4,606,4,606,8,606,8,606,8,606,5
608,9,609,4,609,4,606,8,606,8,606,8,609,5
608,9,609,4,609,4,608,8,608,8,608,8,609,5
611,9,611,4,611,4,608,8,608,8,608,8,611,5
611,9,611,4,611,4,611,8,611,8,611,8,611,5
613,9,614,4,614,4,611,8,611,8,611,8,614,5
613,9,614,4,614,4,613,8,613,8,613,8,614,5
616,9,616,4,616,4,613,8,613,8,613,9,616,5
616,9,616,5,616,5,616,8,616,8,616,9,616,5
618,9,619,5,619,5,616,8,616,8,616,9,619,5
618,9,619,5,619,5,618,8,618,8,618,9,619,5
621,9,621,5,621,5,618,8,618,8,618,9,621,5
621,9,621,5,621,5,621,8,621,8,621,9,621,5
623,9,624,5,624,5,621,8,621,8,621,9,624,5
623,9,624,5,624,5,623,8,623,8,623,9,624,5
626,9,626,5,626,5,623,8,623,8,623,9,626,5
626,9,626,5,626,5,626,8,626,8,626,9,626,5
629,9,629,5,629,5,626,8,626,8,626,9,629,5
629,9,629,5,629,5,629,8,629,8,629,9,629,5
631,9,631,5,631,5,629,8,629,8,629,9,631,5
631,9,631,5,631,5,631,8,631,8,631,9,631,5
634,9,634,5,634,5,631,8,631,8,631,9,634,5
634,9,634,5,634,5,634,8,634,8,634,9,634,5
636,9,636,5,636,5,634,8,634,8,634,9,636,5
636,9,636,5,636,5,636,8,636,8,636,9,636,5
639,9,639,5,639,5,636,9,636,9,636,9,639,5
639,9,639,5,639,5,639,9,639,9,639,9,639,5
641,9,641,5,641,5,639,9,639,9,639,9,641,5
641,10,641,5,641,5,641,9,641,9,641,9,641,5
644,10,644,5,644,5,641,9,641,9,641,9,644,5
644,10,644,5,644,5,644,9,644,9,644,9,644,5
646,10,646,5,646,5,644,9,644,9,644,9,646,5
646,10,646,5,646,5,646,9,646,9,646,9,646,5
649,10,649,5,649,5,646,9,646,9,646,9,649,5
649,10,649,5,649,5,649,9,649,9,649,9,649,5
651,10,651,5,651,5,649,9,649,9,649,10,651,5
651,10,651,5,651,5,651,9,651,9,651,10,651,5
654,10,654,5,654,5,651,9,651,9,651,10,654,5
654,10,654,5,654,5,654,9,654,9,654,10,654,5
656,10,657,5,657,5,654,9,654,9,654,10,657,5
656,10,657,5,657,5,656,9,656,9,656,10,657,5
659,10,659,5,659,5,656,9,656,9,656,10,659,5
659,10,659,5,659,5,659,9,659,9,659,10,659,5
661,10,662,5,662,5,659,9,659,9,659,10,662,5
661,10,662,5,662,5,661,9,661,9,662,10,662,5
664,10,664,5,664,5,661,9,661,9,662,10,664,5
664,10,664,5,664,5,664,9,664,9,664,10,664,5
666,10,667,5,667,5,664,9,664,9,664,10,667,5
666,10,667,5,667,5,666,9,666,9,667,10,667,5
669,10,669,5,669,5,666,9,666,9,667,10,669,5
669,10,669,5,669,5,669,9,669,9,669,10,669,5
671,10,672,5,672,5,669,9,669,9,669,10,672,5
671,10,672,5,672,5,671,9,671,9,672,10,672,6
674,10,674,5,674,5,671,9,671,9,672,10,674,6
674,10,674,5,674,5,674,9,674,9,674,10,674,6
676,10,677,5,677,5,674,9,674,9,674,10,677,6
676,10,677,5,677,5,676,9,676,9,677,10,677,6
679,10,679,5,679,5,676,9,676,9,677,11,679,6
679,10,679,5,679,5,679,9,679,9,679,11,679,6
682,10,682,5,682,5,679,9,679,9,679,11,682,6
682,10,682,5,682,5,682,9,682,9,682,11,682,6
684,10,684,5,684,5,682,9,682,9,682,11,684,6
684,10,684,5,684,5,684,9,684,9,684,11,684,6
687,10,687,5,687,5,684,9,684,9,684,11,687,6
687,10,687,5,687,5,687,9,687,9,687,11,687,6
689,10,689,5,689,5,687,9,687,9,687,11,689,6
689,10,689,5,689,5,689,9,689,9,689,11,689,6
692,10,692,5,692,5,689,9,689,9,689,11,692,6
692,10,692,6,692,6,692,9,692,9,692,11,692,6
694,10,695,6,695,6,692,9,692,9,692,11,694,6
694,11,695,6,695,6,694,9,694,9,694,11,694,6
697,11,697,6,697,6,694,9,694,9,694,11,697,6
697,11,697,6,697,6,697,9,697,9,697,11,697,6
699,11,700,6,700,6,697,9,697,9,697,11,699,6
699,11,700,6,700,6,699,9,699,9,699,11,699,6
702,11,702,6,702,6,699,10,699,10,699,11,702,6
702,11,702,6,702,6,702,10,702,10,702,11,702,6
704,11,705,6,705,6,702,10,702,10,702,11,705,6
704,11,705,6,705,6,704,10,704,10,704,11,705,6
707,11,707,6,707,6,704,10,704,10,704,12,707,6
707,11,707,6,707,6,707,10,707,10,707,12,707,6
709,11,710,6,710,6,707,10,707,10,707,12,710,6
709,11,710,6,710,6,709,10,709,10,709,12,710,6
712,11,712,6,712,6,709,10,709,10,709,12,712,6
712,11,712,6,712,6,712,10,712,10,712,12,712,6
715,11,715,6,715,6,712,10,712,10,712,12,715,6
715,11,715,6,715,6,715,10,715,10,715,12,715,6
717,11,717,6,717,6,715,10,715,10,715,12,717,6
717,11,717,6,717,6,717,10,717,10,717,12,717,6
720,11,720,6,720,6,717,10,717,10,717,12,720,6
720,11,720,6,720,6,720,10,720,10,720,12,720,6
722,11,722,6,722,6,720,10,720,10,720,12,722,6
722,11,722,6,722,6,722,10,722,10,722,12,722,6
725,11,725,6,725,6,722,10,722,10,722,12,725,6
725,11,725,6,725,6,725,10,725,10,725,12,725,6
727,11,727,6,727,6,725,10,725,10,725,12,727,6
727,11,727,6,727,6,727,10,727,10,727,12,727,6
730,11,730,6,730,6,727,10,727,10,727,12,730,6
730,11,730,6,730,6,730,10,730,10,730,12,730,6
732,11,732,6,732,6,730,10,730,10,730,12,732,6
732,11,732,6,732,6,732,10,732,10,732,12,732,6
735,11,735,6,735,6,732,10,732,10,732,13,735,6
735,11,735,6,735,6,735,10,735,10,735,13,735,6
737,11,737,6,737,6,735,10,735,10,735,13,737,6
737,11,737,6,737,6,737,10,737,10,737,13,737,6
740,11,740,6,740,6,737,10,737,10,737,13,740,6
740,11,740,6,740,6,740,10,740,10,740,13,740,7
742,11,742,6,742,6,740,10,740,10,740,13,742,7
742,11,742,6,742,6,742,10,742,10,742,13,742,7
745,11,745,6,745,6,742,10,742,10,742,13,745,7
745,11,745,6,745,6,745,10,745,10,745,13,745,7
747,11,748,6,748,6,745,10,745,10,745,13,748,7
747,12,748,6,748,6,747,10,747,10,747,13,748,7
750,12,750,6,750,6,747,10,747,10,747,13,750,7
750,12,750,6,750,6,750,10,750,10,750,13,750,7
752,12,753,6,753,6,750,10,750,10,750,13,753,7
752,12,753,6,753,6,752,10,752,10,753,13,753,7
755,12,755,6,755,6,752,10,752,10,753,13,755,7
755,12,755,6,755,6,755,10,755,10,755,13,755,7
757,12,758,6,758,6,755,10,755,10,755,13,758,7
757,12,758,6,758,6,757,10,757,10,758,13,758,7
760,12,760,6,760,6,757,10,757,10,758,14,760,7
760,12,760,6,760,6,760,10,760,10,760,14,760,7
762,12,763,6,763,6,760,10,760,10,760,14,763,7
762,12,763,6,763,6,762,10,762,10,763,14,763,7
765,12,765,6,765,6,762,10,762,10,763,14,765,7
765,12,765,6,765,6,765,10,765,10,765,14,765,7
768,12,768,6,768,6,765,11,765,11,765,14,768,7
768,12,768,7,768,7,768,11,768,11,768,14,768,7
770,12,770,7,770,7,768,11,768,11,768,14,770,7
770,12,770,7,770,7,770,11,770,11,770,14,770,7
773,12,773,7,773,7,770,11,770,11,770,14,773,7
773,12,773,7,773,7,773,11,773,11,773,14,773,7
775,12,775,7,775,7,773,11,773,11,773,14,775,7
775,12,775,7,775,7,775,11,775,11,775,14,775,7
778,12,778,7,778,7,775,11,775,11,775,14,778,7
778,12,778,7,778,7,778,11,778,11,778,14,778,7
780,12,780,7,780,7,778,11,778,11,778,14,780,7
780,12,780,7,780,7,780,11,780,11,780,14,780,7
783,12,783,7,783,7,780,11,780,11,780,14,783,7
783,12,783,7,783,7,783,11,783,11,783,14,783,7
785,12,785,7,785,7,783,11,783,11,783,15,785,7
785,12,785,7,785,7,785,11,785,11,785,15,785,7
788,12,788,7,788,7,785,11,785,11,785,15,788,7
788,12,788,7,788,7,788,11,788,11,788,15,788,7
790,12,791,7,791,7,788,11,788,11,788,15,790,7
790,12,791,7,791,7,790,11,790,11,790,15,790,7
793,12,793,7,793,7,790,11,790,11,790,15,793,7
793,12,793,7,793,7,793,11,793,11,793,15,793,7
795,12,796,7,796,7,793,11,793,11,793,15,796,7
795,11,796,7,796,7,795,11,795,11,795,15,796,7
798,11,798,7,798,7,795,11,795,11,795,15,798,7
798,11,798,7,798,7,798,11,798,11,798,15,798,7
800,11,801,7,801,7,798,11,798,11,798,15,801,7
800,11,801,7,801,7,800,11,800,11,801,15,801,8
803,11,803,7,803,7,800,11,800,11,801,15,803,8
803,11,803,7,803,7,803,11,803,11,803,15,803,8
806,11,806,7,806,7,803,11,803,11,803,15,806,8
806,11,806,7,806,7,805,11,805,11,806,15,806,8
808,11,808,7,808,7,805,12,805,12,806,15,808,8
808,11,808,7,808,7,808,12,808,12,808,15,808,8
811,11,811,7,811,7,808,12,808,12,808,16,811,8
811,11,811,7,811,7,811,12,811,12,811,16,811,8
813,11,813,7,813,7,811,12,811,12,811,16,813,8
813,11,813,7,813,7,813,12,813,12,813,16,813,8
816,11,816,7,816,7,813,12,813,12,813,16,816,8
816,11,816,7,816,7,816,12,816,12,816,16,816,8
818,11,818,7,818,7,816,12,816,12,816,16,818,8
818,11,818,7,818,7,818,12,818,12,818,16,818,8
821,11,821,7,821,7,818,12,818,12,818,16,821,8
821,11,821,7,821,7,821,12,821,12,821,16,821,8
823,11,823,7,823,7,821,12,821,12,821,16,823,8
823,11,823,7,823,7,823,12,823,12,823,16,823,8
826,11,826,7,826,7,823,12,823,12,823,16,826,8
826,11,826,7,826,7,826,12,826,12,826,16,826,8
828,11,828,7,828,7,826,12,826,12,826,16,828,8
828,11,828,7,828,7,828,12,828,12,828,16,828,8
831,11,831,7,831,7,828,12,828,12,828,16,831,8
831,11,831,7,831,7,831,12,831,12,831,16,831,8
833,11,834,7,834,7,831,12,831,12,831,16,834,8
833,11,834,7,834,7,833,12,833,12,833,16,834,8
836,11,836,7,836,7,833,12,833,12,833,17,836,8
836,11,836,7,836,7,836,12,836,12,836,17,836,8
838,11,839,7,839,7,836,12,836,12,836,17,839,8
838,11,839,8,839,8,838,12,838,12,838,17,839,8
841,11,841,8,841,8,838,12,838,12,838,17,841,8
841,12,841,8,841,8,841,12,841,12,841,17,841,8
843,12,844,8,844,8,841,12,841,12,841,17,844,8
843,12,844,8,844,8,843,12,843,12,843,17,844,8
846,12,846,8,846,8,843,12,843,12,843,17,846,8
846,12,846,8,846,8,846,12,846,12,846,17,846,8
848,12,849,8,849,8,846,12,846,12,846,17,849,8
848,12,849,8,849,8,848,12,848,12,849,17,849,8
851,12,851,8,851,8,848,12,848,12,849,17,851,8
851,12,851,8,851,8,851,12,851,12,851,17,851,8
853,12,854,8,854,8,851,12,851,12,851,17,854,8
853,12,854,8,854,8,853,12,853,12,854,17,854,8
856,12,856,8,856,8,853,12,853,12,854,17,856,8
856,12,856,8,856,8,856,12,856,12,856,17,856,8
859,12,859,8,859,8,856,12,856,12,856,18,859,8
859,12,859,8,859,8,859,12,859,12,859,18,859,8
861,12,861,8,861,8,859,12,859,12,859,18,861,8
861,12,861,8,861,8,861,12,861,12,861,18,861,8
864,12,864,8,864,8,861,12,861,12,861,18,864,8
864,12,864,8,864,8,864,12,864,12,864,18,864,8
866,12,866,8,866,8,864,12,864,12,864,18,866,8
866,12,866,8,866,8,866,12,866,12,866,18,866,9
869,12,869,8,869,8,866,13,866,13,866,18,869,9
869,12,869,8,869,8,869,13,869,13,869,18,869,9
871,12,871,8,871,8,869,13,869,13,869,18,871,9
871,12,871,8,871,8,871,13,871,13,871,18,871,9
874,12,874,8,874,8,871,13,871,13,871,18,874,9
874,13,874,8,874,8,874,13,874,13,874,18,874,9
876,13,876,8,876,8,874,13,874,13,874,19,876,9
876,13,876,8,876,8,876,13,876,13,876,19,876,9
879,13,879,8,879,8,876,13,876,13,876,19,879,9
879,13,879,8,879,8,879,13,879,13,879,19,879,9
881,13,882,8,882,8,879,13,879,13,879,19,881,9
881,13,882,8,882,8,881,13,881,13,881,19,881,9
884,13,884,8,884,8,881,13,881,13,881,19,884,9
884,13,884,8,884,8,884,13,884,13,884,19,884,9
886,13,887,8,887,8,884,13,884,13,884,19,887,9
886,13,887,8,887,8,886,13,886,13,887,19,887,9
889,13,889,8,889,8,886,13,886,13,887,19,889,9
889,13,889,8,889,8,889,13,889,13,889,19,889,9
891,13,892,8,892,8,889,13,889,13,889,19,892,9
891,13,892,8,892,8,891,13,891,13,892,19,892,9
894,13,894,8,894,8,891,13,891,13,892,19,894,9
894,13,894,8,894,8,894,13,894,13,894,19,894,9
896,13,897,8,897,8,894,13,894,13,894,20,897,9
896,13,897,8,897,8,896,13,896,13,897,20,897,9
899,13,899,8,899,8,896,13,896,13,897,20,899,9
899,13,899,8,899,8,899,13,899,13,899,20,899,9
902,13,902,8,902,8,899,13,899,13,899,20,902,9
902,13,902,8,902,8,902,13,902,13,902,20,902,9
904,13,904,8,904,8,902,14,902,14,902,20,904,9
904,13,904,9,904,9,904,14,904,14,904,20,904,9
907,13,907,9,907,9,904,14,904,14,904,20,907,9
907,13,907,9,907,9,907,14,907,14,907,20,907,9
909,13,909,9,909,9,907,14,907,14,907,20,909,9
909,13,909,9,909,9,909,14,909,14,909,20,909,9
912,13,912,9,912,9,909,14,909,14,909,20,912,9
912,14,912,9,912,9,912,14,912,14,912,20,912,9
914,14,914,9,914,9,912,14,912,14,912,20,914,9
914,14,914,9,914,9,914,14,914,14,914,20,914,9
917,14,917,9,917,9,914,14,914,14,914,21,917,9
917,14,917,9,917,9,917,14,917,14,917,21,917,10
919,14,920,9,920,9,917,14,917,14,917,21,919,10
919,14,920,9,920,9,919,14,919,14,919,21,919,10
922,14,922,9,922,9,919,14,919,14,919,21,922,10
922,14,922,9,922,9,922,14,922,14,922,21,922,10
924,14,925,9,925,9,922,14,922,14,922,21,925,10
924,14,925,9,925,9,924,14,924,14,924,21,925,10
927,14,927,9,927,9,924,14,924,14,924,21,927,10
927,14,927,9,927,9,927,14,927,14,927,21,927,10
929,14,930,9,930,9,927,14,927,14,927,21,930,10
929,14,930,9,930,9,929,14,929,14,929,21,930,10
932,14,932,9,932,9,929,14,929,14,929,21,932,10
932,14,932,9,932,9,932,14,932,14,932,21,932,10
934,14,935,9,935,9,932,14,932,14,932,21,935,10
934,14,935,9,935,9,934,14,934,14,934,21,935,10
937,14,937,9,937,9,934,14,934,14,934,22,937,10
937,14,937,9,937,9,937,14,937,14,937,22,937,10
939,14,940,9,940,9,937,14,937,14,937,22,940,10
939,14,940,9,940,9,939,14,939,14,939,22,940,10
942,14,942,9,942,9,939,14,939,14,939,22,942,10
942,14,942,9,942,9,942,14,942,14,942,22,942,10
945,14,945,9,945,9,942,15,942,15,942,22,945,10
945,14,945,9,945,9,945,15,945,15,945,22,945,10
947,14,947,9,947,9,945,15,945,15,945,22,947,10
947,15,947,9,947,9,947,15,947,15,947,22,947,10
950,15,950,9,950,9,947,15,947,15,947,22,950,10
950,15,950,9,950,9,950,15,950,15,950,22,950,10
952,15,952,9,952,9,950,15,950,15,950,23,952,10
952,15,952,9,952,9,952,15,952,15,952,23,952,10
955,15,955,9,955,9,952,15,952,15,952,23,955,10
955,15,955,9,955,9,955,15,955,15,955,23,955,10
957,15,957,9,957,9,955,15,955,15,955,23,957,10
957,15,957,9,957,9,957,15,957,15,957,23,957,10
960,15,960,9,960,9,957,15,957,15,957,23,960,10
960,15,960,9,960,9,960,15,960,15,960,23,960,10
962,15,962,9,962,9,960,15,960,15,960,23,962,10
962,15,962,10,962,10,962,15,962,15,962,23,962,10
965,15,965,10,965,10,962,15,962,15,962,23,965,10
965,15,965,10,965,10,965,15,965,15,965,23,965,11
967,15,967,10,967,10,965,15,965,15,965,24,967,11
967,15,967,10,967,10,967,15,967,15,967,24,967,11
970,15,970,10,970,10,967,15,967,15,967,24,970,11
970,15,970,10,970,10,970,15,970,15,970,24,970,11
972,15,972,10,972,10,970,15,970,15,970,24,972,11
972,15,972,10,972,10,972,15,972,15,972,24,972,11
975,15,975,10,975,10,972,15,972,15,972,24,975,11
975,15,975,10,975,10,975,15,975,15,975,24,975,11
977,15,978,10,978,10,975,15,975,15,975,24,978,11
977,15,978,10,978,10,977,15,977,15,978,24,978,11
980,15,980,10,980,10,977,15,977,15,978,24,980,11
980,15,980,10,980,10,980,15,980,15,980,24,980,11
982,15,983,10,983,10,980,15,980,15,980,25,983,11
982,15,983,10,983,10,982,15,982,15,983,25,983,11
982,15,985,10,985,10,982,15,982,15,983,25,985,11
982,15,985,10,985,10,985,15,985,15,985,25,985,11
985,15,988,10,988,10,985,15,985,15,985,25,988,11
985,16,988,10,988,10,987,15,987,15,988,25,988,11
987,16,990,10,990,10,987,16,987,16,988,25,990,11
987,16,990,10,990,10,990,16,990,16,990,25,990,11
990,16,993,10,993,10,990,16,990,16,990,25,993,11
990,16,993,10,993,10,992,16,992,16,993,25,993,11
993,16,995,10,995,10,992,16,992,16,993,25,995,11
993,16,995,10,995,10,995,16,995,16,995,25,995,11
995,16,998,10,998,10,995,16,995,16,995,26,998,11
995,16,998,10,998,10,998,16,998,16,998,26,998,11
998,16,1000,10,1000,10,998,16,998,16,998,26,1000,11
998,16,1000,10,1000,10,1000,16,1000,16,1000,26,1000,11
1000,16,1003,10,1003,10,1000,16,1000,16,1000,26,1003,11
1000,16,1003,10,1003,10,1003,16,1003,16,1003,26,1003,11
1003,16,1005,10,1005,10,1003,16,1003,16,1003,26,1005,11
1003,16,1005,10,1005,10,1005,16,1005,16,1005,26,1005,11
1005,16,1008,10,1008,10,1005,16,1005,16,1005,26,1008,11
1005,16,1008,10,1008,10,1008,16,1008,16,1008,26,1008,11
1008,16,1011,10,1011,10,1008,16,1008,16,1008,27,1010,11
1008,16,1011,10,1011,10,1010,16,1010,16,1010,27,1010,11
1010,16,1013,10,1013,10,1010,16,1010,16,1010,27,1013,11
1010,16,1013,10,1013,10,1013,16,1013,16,1013,27,1013,11
1013,16,1016,10,1016,10,1013,16,1013,16,1013,27,1016,11
1013,16,1016,10,1016,10,1015,16,1015,16,1015,27,1016,11
1015,16,1018,10,1018,10,1015,16,1015,16,1015,27,1018,11
1015,16,1018,11,1018,11,1018,16,1018,16,1018,27,1018,12
1018,16,1021,11,1021,11,1018,17,1018,17,1018,27,1021,12
1018,16,1021,11,1021,11,1020,17,1020,17,1020,27,1021,12
1020,16,1023,11,1023,11,1020,17,1020,17,1020,28,1023,12
1020,16,1023,11,1023,11,1023,17,1023,17,1023,28,1023,12
1023,16,1026,11,1026,11,1023,17,1023,17,1023,28,1026,12
1023,16,1026,11,1026,11,1025,17,1025,17,1025,28,1026,12
1025,16,1028,11,1028,11,1025,17,1025,17,1025,28,1028,12
1025,17,1028,11,1028,11,1028,17,1028,17,1028,28,1028,12
1028,17,1031,11,1031,11,1028,17,1028,17,1028,28,1031,12
1028,17,1031,11,1031,11,1031,17,1031,17,1031,28,1031,12
1031,17,1033,11,1033,11,1031,17,1031,17,1031,28,1033,12
1031,17,1033,11,1033,11,1033,17,1033,17,1033,28,1033,12
1033,17,1036,11,1036,11,1033,17,1033,17,1033,29,1036,12
1033,17,1036,11,1036,11,1036,17,1036,17,1036,29,1036,12
1036,17,1038,11,1038,11,1036,17,1036,17,1036,29,1038,12
1036,17,1038,11,1038,11,1038,17,1038,17,1038,29,1038,12
1038,17,1041,11,1041,11,1038,17,1038,17,1038,29,1041,12
1038,17,1041,11,1041,11,1041,17,1041,17,1041,29,1041,12
1041,17,1043,11,1043,11,1041,17,1041,17,1041,29,1043,12
1041,17,1043,11,1043,11,1043,17,1043,17,1043,29,1043,12
1043,17,1046,11,1046,11,1043,17,1043,17,1043,30,1046,12
1043,16,1046,11,1046,11,1046,17,1046,17,1046,30,1046,12
1046,16,1048,11,1048,11,1046,17,1046,17,1046,30,1048,12
1046,16,1048,11,1048,11,1048,17,1048,17,1048,30,1048,12
1048,16,1051,11,1051,11,1048,17,1048,17,1048,30,1051,12
1048,15,1051,11,1051,11,1051,17,1051,17,1051,30,1051,12
1051,15,1053,11,1053,11,1051,17,1051,17,1051,30,1053,12
1051,14,1053,11,1053,11,1053,17,1053,17,1053,30,1053,12
1053,14,1056,11,1056,11,1053,17,1053,17,1053,30,1056,12
1053,14,1056,11,1056,11,1056,17,1056,17,1056,30,1056,12
1056,14,1058,11,1058,11,1056,17,1056,17,1056,30,1058,12
1056,13,1058,11,1058,11,1058,17,1058,17,1058,30,1058,12
1058,13,1061,11,1061,11,1058,17,1058,17,1058,31,1061,12
1058,13,1061,11,1061,11,1061,17,1061,17,1061,31,1061,12
1061,13,1064,11,1064,11,1061,18,1061,18,1061,31,1064,12
1061,13,1064,11,1064,11,1063,18,1063,18,1063,31,1064,13
1063,13,1066,11,1066,11,1063,18,1063,18,1063,31,1066,13
1063,13,1066,12,1066,12,1066,18,1066,18,1066,31,1066,13
1066,13,1069,12,1069,12,1066,18,1066,18,1066,31,1069,13
1066,13,1069,12,1069,12,1068,18,1068,18,1069,31,1069,13
1068,13,1071,12,1071,12,1068,18,1068,18,1069,32,1071,13
1068,13,1071,12,1071,12,1071,18,1071,18,1071,32,1071,13
1071,13,1074,12,1074,12,1071,18,1071,18,1071,32,1074,13
1071,13,1074,12,1074,12,1073,18,1073,18,1074,32,1074,13
1073,13,1076,12,1076,12,1073,18,1073,18,1074,32,1076,13
1073,13,1076,12,1076,12,1076,18,1076,18,1076,32,1076,13
1076,13,1079,12,1079,12,1076,18,1076,18,1076,32,1079,13
1076,13,1079,12,1079,12,1078,18,1078,18,1079,32,1079,13
1078,13,1081,12,1081,12,1078,18,1078,18,1079,32,1081,13
1078,13,1081,12,1081,12,1081,18,1081,18,1081,32,1081,13
1081,13,1084,12,1084,12,1081,18,1081,18,1081,33,1084,13
1081,13,1084,12,1084,12,1084,18,1084,18,1084,33,1084,13
1084,13,1086,12,1086,12,1084,18,1084,18,1084,33,1086,13
1084,13,1086,12,1086,12,1086,18,1086,18,1086,33,1086,13
1086,13,1089,12,1089,12,1086,19,1086,19,1086,33,1089,13
1086,13,1089,12,1089,12,1089,19,1089,19,1089,33,1089,13
1089,13,1091,12,1091,12,1089,19,1089,19,1089,33,1091,13
1089,13,1091,12,1091,12,1091,19,1091,19,1091,33,1091,13
1091,13,1094,12,1094,12,1091,19,1091,19,1091,33,1094,13
1091,13,1094,12,1094,12,1094,19,1094,19,1094,33,1094,13
1094,13,1096,12,1096,12,1094,19,1094,19,1094,34,1096,13
1094,13,1096,12,1096,12,1096,19,1096,19,1096,34,1096,13
1096,13,1099,12,1099,12,1096,19,1096,19,1096,34,1099,13
1096,13,1099,12,1099,12,1099,19,1099,19,1099,34,1099,13
1099,13,1102,12,1102,12,1099,19,1099,19,1099,34,1101,13
1099,13,1102,12,1102,12,1101,19,1101,19,1101,34,1101,13
1101,13,1104,12,1104,12,1101,19,1101,19,1101,34,1104,13
1101,13,1104,12,1104,12,1104,19,1104,19,1104,34,1104,13
1104,13,1107,12,1107,12,1104,19,1104,19,1104,35,1106,13
1104,14,1107,12,1107,12,1106,19,1106,19,1106,35,1106,14
1106,14,1109,12,1109,12,1106,19,1106,19,1106,35,1109,14
1106,14,1109,12,1109,12,1109,19,1109,19,1109,35,1109,14
1109,14,1112,12,1112,12,1109,19,1109,19,1109,35,1112,14
1109,14,1112,12,1112,12,1111,19,1111,19,1111,35,1112,14
1111,14,1114,12,1114,12,1111,19,1111,19,1111,35,1114,14
1111,14,1114,12,1114,12,1114,19,1114,19,1114,35,1114,14
1114,14,1117,12,1117,12,1114,19,1114,19,1114,36,1117,14
1114,14,1117,13,1117,13,1116,19,1116,19,1117,36,1117,14
1116,14,1119,13,1119,13,1116,20,1116,20,1117,36,1119,14
1116,14,1119,13,1119,13,1119,20,1119,20,1119,36,1119,14
1119,14,1122,13,1122,13,1119,20,1119,20,1119,36,1122,14
1119,14,1122,13,1122,13,1122,20,1122,20,1122,36,1122,14
1122,14,1124,13,1124,13,1122,20,1122,20,1122,37,1124,14
1122,14,1124,13,1124,13,1124,20,1124,20,1124,37,1124,14
1124,14,1127,13,1127,13,1124,20,1124,20,1124,37,1127,14
1124,14,1127,13,1127,13,1127,20,1127,20,1127,37,1127,14
1127,14,1129,13,1129,13,1127,20,1127,20,1127,37,1129,14
1127,15,1129,13,1129,13,1129,20,1129,20,1129,37,1129,14
1129,15,1132,13,1132,13,1129,20,1129,20,1129,38,1132,14
1129,15,1132,13,1132,13,1132,20,1132,20,1132,38,1132,14
1132,15,1134,13,1134,13,1132,20,1132,20,1132,38,1134,14
1132,15,1134,13,1134,13,1134,20,1134,20,1134,38,1134,14
1134,15,1137,13,1137,13,1134,20,1134,20,1134,38,1137,14
1134,15,1137,13,1137,13,1137,20,1137,20,1137,38,1137,14
1137,15,1139,13,1139,13,1137,20,1137,20,1137,38,1139,14
1137,15,1139,13,1139,13,1139,20,1139,20,1139,38,1139,14
1139,15,1142,13,1142,13,1139,20,1139,20,1139,39,1142,14
1139,15,1142,13,1142,13,1142,20,1142,20,1142,39,1142,14
1142,15,1144,13,1144,13,1142,20,1142,20,1142,39,1144,14
1142,15,1144,13,1144,13,1144,20,1144,20,1144,39,1144,14
1144,15,1147,13,1147,13,1144,21,1144,21,1144,39,1147,14
1144,15,1147,13,1147,13,1147,21,1147,21,1147,39,1147,15
1147,15,1150,13,1150,13,1147,21,1147,21,1147,40,1150,15
1147,15,1150,13,1150,13,1149,21,1149,21,1149,40,1150,15
1149,15,1152,13,1152,13,1149,21,1149,21,1149,40,1152,15
1149,16,1152,13,1152,13,1152,21,1152,21,1152,40,1152,15
1152,16,1155,13,1155,13,1152,21,1152,21,1152,40,1155,15
1152,16,1155,13,1155,13,1154,21,1154,21,1154,40,1155,15
1154,16,1157,13,1157,13,1154,21,1154,21,1154,40,1157,15
1154,16,1157,13,1157,13,1157,21,1157,21,1157,40,1157,15
1157,16,1160,13,1160,13,1157,21,1157,21,1157,41,1160,15
1157,16,1160,14,1160,14,1159,21,1159,21,1160,41,1160,15
1159,16,1162,14,1162,14,1159,21,1159,21,1160,41,1162,15
1159,16,1162,14,1162,14,1162,21,1162,21,1162,41,1162,15
1162,16,1165,14,1165,14,1162,21,1162,21,1162,41,1165,15
1162,16,1165,14,1165,14,1164,21,1164,21,1165,41,1165,15
1164,16,1167,14,1167,14,1164,21,1164,21,1165,42,1167,15
1164,16,1167,14,1167,14,1167,21,1167,21,1167,42,1167,15
1167,16,1170,14,1170,14,1167,21,1167,21,1167,42,1170,15
1167,16,1170,14,1170,14,1169,21,1169,21,1170,42,1170,15
1169,16,1172,14,1172,14,1169,21,1169,21,1170,42,1172,15
1169,16,1172,14,1172,14,1172,21,1172,21,1172,42,1172,15
1172,16,1175,14,1175,14,1172,22,1172,22,1172,43,1175,15
1172,16,1175,14,1175,14,1175,22,1175,22,1175,43,1175,15
1175,16,1177,14,1177,14,1175,22,1175,22,1175,43,1177,15
1175,17,1177,14,1177,14,1177,22,1177,22,1177,43,1177,15
1177,17,1180,14,1180,14,1177,22,1177,22,1177,43,1180,15
1177,17,1180,14,1180,14,1180,22,1180,22,1180,43,1180,15
1180,17,1182,14,1182,14,1180,22,1180,22,1180,44,1182,15
1180,17,1182,14,1182,14,1182,22,1182,22,1182,44,1182,16
1182,17,1185,14,1185,14,1182,22,1182,22,1182,44,1185,16
1182,17,1185,14,1185,14,1185,22,1185,22,1185,44,1185,16
1185,17,1187,14,1187,14,1185,22,1185,22,1185,44,1187,16
1185,17,1187,14,1187,14,1187,22,1187,22,1187,44,1187,16
1187,17,1190,14,1190,14,1187,22,1187,22,1187,45,1190,16
1187,17,1190,14,1190,14,1190,22,1190,22,1190,45,1190,16
1190,17,1192,14,1192,14,1190,22,1190,22,1190,45,1192,16
1190,17,1192,14,1192,14,1192,22,1192,22,1192,45,1192,16
1192,17,1195,14,1195,14,1192,22,1192,22,1192,45,1195,16
1192,17,1195,14,1195,14,1195,22,1195,22,1195,45,1195,16
